{"cameraMode":{"drawMode":0,"name":"Shaded","section":"Shading Mode"},"sceneLighting":true,"audioPlay":false,"sceneViewState":{"showFog":true,"showMaterialUpdate":false,"showSkybox":true,"showFlares":true,"showImageEffects":true,"showParticleSystems":true},"in2DMode":false,"pivot":{"x":-128.5083465576172,"y":44.704132080078128,"z":13.125575065612793},"rotation":{"x":-0.2468629628419876,"y":-0.6636502146720886,"z":0.2477647066116333,"w":-0.6612410545349121},"size":298.7745361328125,"orthographic":false}