{"cameraMode":{"drawMode":0,"name":"Shaded","section":"Shading Mode"},"sceneLighting":false,"audioPlay":false,"sceneViewState":{"showFog":true,"showMaterialUpdate":false,"showSkybox":true,"showFlares":true,"showImageEffects":true,"showParticleSystems":true},"in2DMode":false,"pivot":{"x":-2.8609957695007326,"y":0.7512780427932739,"z":0.0},"rotation":{"x":-0.34804821014404299,"y":-0.1492878794670105,"z":0.05624692514538765,"w":-0.9238029718399048},"size":9.642289161682129,"orthographic":false}