{"cameraMode":{"drawMode":0,"name":"Shaded","section":"Shading Mode"},"sceneLighting":false,"audioPlay":false,"sceneViewState":{"showFog":true,"showMaterialUpdate":false,"showSkybox":true,"showFlares":true,"showImageEffects":true,"showParticleSystems":true},"in2DMode":false,"pivot":{"x":25.157947540283204,"y":1.0697427988052369,"z":0.34928905963897707},"rotation":{"x":-0.34804821014404299,"y":-0.1492878794670105,"z":0.05624692514538765,"w":-0.9238029718399048},"size":7.742163181304932,"orthographic":false}