{"cameraMode":{"drawMode":0,"name":"Shaded","section":"Shading Mode"},"sceneLighting":false,"audioPlay":false,"sceneViewState":{"showFog":true,"showMaterialUpdate":false,"showSkybox":true,"showFlares":true,"showImageEffects":true,"showParticleSystems":true},"in2DMode":false,"pivot":{"x":-2.8609957695007326,"y":0.7512780427932739,"z":0.0},"rotation":{"x":-0.07239522784948349,"y":0.9189460873603821,"z":-0.20049028098583222,"w":-0.3318142294883728},"size":4.952690601348877,"orthographic":false}