{"cameraMode":{"drawMode":0,"name":"Shaded","section":"Shading Mode"},"sceneLighting":false,"audioPlay":false,"sceneViewState":{"showFog":true,"showMaterialUpdate":false,"showSkybox":true,"showFlares":true,"showImageEffects":true,"showParticleSystems":true},"in2DMode":false,"pivot":{"x":4.031272888183594,"y":1.0697425603866578,"z":-1.6575888395309449},"rotation":{"x":-0.07239522784948349,"y":0.9189460873603821,"z":-0.20049028098583222,"w":-0.3318142294883728},"size":7.742162704467773,"orthographic":false}