{"cameraMode":{"drawMode":0,"name":"Shaded","section":"Shading Mode"},"sceneLighting":false,"audioPlay":false,"sceneViewState":{"showFog":true,"showMaterialUpdate":false,"showSkybox":true,"showFlares":true,"showImageEffects":true,"showParticleSystems":true},"in2DMode":false,"pivot":{"x":25.141963958740236,"y":1.0697423219680787,"z":-3.223022937774658},"rotation":{"x":-0.34804821014404299,"y":-0.1492878794670105,"z":0.05624692514538765,"w":-0.9238029718399048},"size":7.742163181304932,"orthographic":false}