{"cameraMode":{"drawMode":0,"name":"Shaded","section":"Shading Mode"},"sceneLighting":false,"audioPlay":false,"sceneViewState":{"showFog":true,"showMaterialUpdate":false,"showSkybox":true,"showFlares":true,"showImageEffects":true,"showParticleSystems":true},"in2DMode":false,"pivot":{"x":0.5959960222244263,"y":0.07498347759246826,"z":-0.37398868799209597},"rotation":{"x":-0.07239522784948349,"y":0.9189460873603821,"z":-0.20049028098583222,"w":-0.3318142294883728},"size":3.6345651149749758,"orthographic":false}