{"cameraMode":{"drawMode":0,"name":"Shaded","section":"Shading Mode"},"sceneLighting":true,"audioPlay":false,"sceneViewState":{"showFog":true,"showMaterialUpdate":false,"showSkybox":true,"showFlares":true,"showImageEffects":true,"showParticleSystems":true},"in2DMode":false,"pivot":{"x":-5.7136077880859379,"y":-0.5546607971191406,"z":-1.1451663970947266},"rotation":{"x":-0.11853089183568955,"y":0.8801372051239014,"z":-0.3498139977455139,"w":-0.29822665452957156},"size":35.58929443359375,"orthographic":false}