{"cameraMode":{"drawMode":0,"name":"Shaded","section":"Shading Mode"},"sceneLighting":true,"audioPlay":false,"sceneViewState":{"showFog":true,"showMaterialUpdate":false,"showSkybox":true,"showFlares":true,"showImageEffects":true,"showParticleSystems":true},"in2DMode":false,"pivot":{"x":18.902870178222658,"y":-23.458908081054689,"z":7.240306854248047},"rotation":{"x":-0.11853089183568955,"y":0.8801372051239014,"z":-0.3498139977455139,"w":-0.29822665452957156},"size":62.182594299316409,"orthographic":false}